"selected.position","left.representation","right.representation"
"left","0404_Kinderen2.pdf","0215EMT_kinderen_3.pdf"
"right","0911EMT_kinderen_1.pdf","0816_Kinderen_1.pdf"
"left","0201_Kinderen1.pdf","0605_Kinderen2.pdf"
"left","0914EMT_kinderen_1.pdf","0820_Kinderen3.pdf"
"left","0918EMT_Kinderen_2.pdf","0707EMT Kinderen3.pdf"
"right","0101_Kinderen3.pdf","0615_Kinderen1.pdf"
"left","0407_Kinderen1.pdf","1002_kinderen_1.pdf"
"right","0701EMT Kinderen2.pdf","0607_kinderen_3.pdf"
"right","0705EMT_Kinderen3.pdf","0413_Kinderen3.pdf"
"left","0818_Kinderen1.pdf","0902EMT_kinderen_3.pdf"
"right","0508_kinderen_3.pdf","0515_Kinderen_3.pdf"
"left","0521_kinderen_2.pdf","0803_Kinderen3.pdf"
"right","0703EMT Kinderen1.pdf","0909EMT_kinderen_3.pdf"
"left","0408_Kinderen1.pdf","0104_Kinderen_1.pdf"
"right","0111_Kinderen_3.pdf","0821_Kinderen1.pdf"
"left","0106_Kinderen_1.pdf","0915EMT_Kinderen_1.pdf"
"left","0912EMT_kinderen_2.pdf","0307_Kinderen_1.pdf"
"right","0616_Kinderen3.pdf","0601_Kinderen3.pdf"
"right","0409_Kinderen3.pdf","1004_Kinderen_2.pdf"
"right","0301_Kinderen_1.pdf","0414_Kinderen1.pdf"
"right","0811_Kinderen2.pdf","0815_Kinderen2.pdf"
"left","0710EMT Kinderen2.pdf","0415_Kinderen2.pdf"
"right","0302_kinderen_3.pdf","0425_Kinderen1.pdf"
"left","0602_Kinderen1.pdf","0801_Kinderen_3.pdf"
"left","0108_Kinderen_1.pdf","401_Kinderen3.pdf"
"left","0213EMT_Kinderen_2.pdf","0913EMT_Kinderen_3.pdf"
"left","0613_Kinderen3.pdf","0513_Kinderen1.pdf"
"right","0402_Kinderen2.pdf","0412_Kinderen3.pdf"
"left","0603_Kinderen2.pdf","0812_Kinderen_2.pdf"
"left","0904EMT_kinderen_1.pdf","0411_Kinderen2.pdf"
"right","0614_kinderen_3.pdf","0423_Kinderen3.pdf"
"right","0819_Kinderen3.pdf","1009_kinderen_3.pdf"
"right","0908EMT_kinderen_1.pdf","0510_kinderen_2.pdf"
"right","0807_Kinderen2.pdf","0102_Kinderen2.pdf"
"right","0109_Kinderen_2.pdf","0422_Kinderen2.pdf"
"left","0916_Kinderen3.pdf","0403_Kinderen2.pdf"
"left","0516_kinderen_1.pdf","1008_kinderen_3.pdf"
"left","0405_Kinderen2.pdf","0214EMT_Kinderen_3.pdf"
"left","0416_Kinderen2.pdf","0813_Kinderen_3.pdf"
"left","0502_kinderen_2.pdf","0907EMT_kinderen_2.pdf"
"left","0905EMT_kinderen_3.pdf","0420_Kinderen2.pdf"
"right","0212EMT_Kinderen_1.pdf","0608_Kinderen2.pdf"
"left","0810_kinderen_1.pdf","0509_Kinderen_2.pdf"
"right","0805_Kinderen1.pdf","0910_Kinderen3.pdf"
"left","0814_Kinderen_1.pdf","0517_kinderen_1.pdf"
"left","0604_Kinderen2.pdf","0804_Kinderen2.pdf"
"left","0303_Kinderen_1.pdf","0112_Kinderen_2.pdf"
"right","0103_Kinderen_2.pdf","0611_Kinderen1.pdf"
"right","0505_kinderen_2.pdf","0609_Kinderen1.pdf"
"left","0704EMT Kinderen2.pdf","1005_kinderen_3.pdf"
"left","0507_Kinderen1.pdf","0424_Kinderen3.pdf"
"left","0105_Kinderen_3.pdf","0817_Kinderen2.pdf"
"right","0518_Kinderen_1.pdf","1006_Kinderen_2.pdf"
"right","0418_Kinderen3.pdf","0421_Kinderen3.pdf"
"left","0406_Kinderen1.pdf","0519_kinderen_3.pdf"
"left","0210EMT_Kinderen_1.pdf","0314_Kinderen2.pdf"
"left","0417_Kinderen1.pdf","0107_Kinderen2.pdf"
"right","0501_Kinderen_1.pdf","0901EMT_Kinderen_2.pdf"
"right","1003_Kinderen1.pdf","0917EMT_Kinderen_2.pdf"
"right","0512_Kinderen_1.pdf","0706EMT Kinderen3.pdf"
"left","0606_Kinderen2.pdf","0419_Kinderen1.pdf"
"left","0903EMT_kinderen_2.pdf","0110_Kinderen_3.pdf"
"left","0709EMT Kinderen1.pdf","0216EMT_Kinderen_3.pdf"
"right","0506_kinderen_3.pdf","0808_kinderen_3.pdf"
"left","0410_Kinderen3.pdf","0802_Kinderen_1.pdf"
"left","0310_Kinderen2.pdf","0906_Kinderen2.pdf"
"left","0702EMT Kinderen1.pdf","0520_Kinderen_3.pdf"
"left","0208EMT_Kinderen_2.pdf","0821_Kinderen1.pdf"
"right","0604_Kinderen2.pdf","0201_Kinderen1.pdf"
"left","0918EMT_Kinderen_2.pdf","0705EMT_Kinderen3.pdf"
"left","0613_Kinderen3.pdf","401_Kinderen3.pdf"
"right","0424_Kinderen3.pdf","0215EMT_kinderen_3.pdf"
"left","0703EMT Kinderen1.pdf","0521_kinderen_2.pdf"
"left","0416_Kinderen2.pdf","0409_Kinderen3.pdf"
"right","0513_Kinderen1.pdf","0817_Kinderen2.pdf"
"left","0421_Kinderen3.pdf","0602_Kinderen1.pdf"
"left","0609_Kinderen1.pdf","0601_Kinderen3.pdf"
"right","0502_kinderen_2.pdf","0411_Kinderen2.pdf"
"right","0908EMT_kinderen_1.pdf","0904EMT_kinderen_1.pdf"
"left","0105_Kinderen_3.pdf","0701EMT Kinderen2.pdf"
"right","0516_kinderen_1.pdf","0706EMT Kinderen3.pdf"
"right","0107_Kinderen2.pdf","0611_Kinderen1.pdf"
"right","0106_Kinderen_1.pdf","0508_kinderen_3.pdf"
"left","0505_kinderen_2.pdf","0515_Kinderen_3.pdf"
"left","0212EMT_Kinderen_1.pdf","0413_Kinderen3.pdf"
"right","0402_Kinderen2.pdf","0109_Kinderen_2.pdf"
"left","0916_Kinderen3.pdf","0819_Kinderen3.pdf"
"left","0812_Kinderen_2.pdf","0301_Kinderen_1.pdf"
"right","0103_Kinderen_2.pdf","0901EMT_Kinderen_2.pdf"
"left","0802_Kinderen_1.pdf","0903EMT_kinderen_2.pdf"
"right","0509_Kinderen_2.pdf","0820_Kinderen3.pdf"
"right","0501_Kinderen_1.pdf","0408_Kinderen1.pdf"
"right","0902EMT_kinderen_3.pdf","0422_Kinderen2.pdf"
"right","0606_Kinderen2.pdf","0704EMT Kinderen2.pdf"
"left","0608_Kinderen2.pdf","0710EMT Kinderen2.pdf"
"left","0914EMT_kinderen_1.pdf","0418_Kinderen3.pdf"
"left","0616_Kinderen3.pdf","0420_Kinderen2.pdf"
"right","0412_Kinderen3.pdf","0813_Kinderen_3.pdf"
"left","1009_kinderen_3.pdf","0314_Kinderen2.pdf"
"left","0814_Kinderen_1.pdf","0912EMT_kinderen_2.pdf"
"left","0811_Kinderen2.pdf","0213EMT_Kinderen_2.pdf"
"right","0614_kinderen_3.pdf","0818_Kinderen1.pdf"
"right","0801_Kinderen_3.pdf","0110_Kinderen_3.pdf"
"right","0907EMT_kinderen_2.pdf","0909EMT_kinderen_3.pdf"
"right","0512_Kinderen_1.pdf","0419_Kinderen1.pdf"
"left","0403_Kinderen2.pdf","0808_kinderen_3.pdf"
"right","0519_kinderen_3.pdf","0210EMT_Kinderen_1.pdf"
"left","0905EMT_kinderen_3.pdf","0915EMT_Kinderen_1.pdf"
"right","0517_kinderen_1.pdf","1006_Kinderen_2.pdf"
"right","1004_Kinderen_2.pdf","0425_Kinderen1.pdf"
"left","0816_Kinderen_1.pdf","0101_Kinderen3.pdf"
"right","0906_Kinderen2.pdf","0709EMT Kinderen1.pdf"
"right","0510_kinderen_2.pdf","0913EMT_Kinderen_3.pdf"
"left","0208EMT_Kinderen_2.pdf","0605_Kinderen2.pdf"
"left","0414_Kinderen1.pdf","0310_Kinderen2.pdf"
"right","0520_Kinderen_3.pdf","0406_Kinderen1.pdf"
"left","0803_Kinderen3.pdf","0415_Kinderen2.pdf"
"right","0707EMT Kinderen3.pdf","0917EMT_Kinderen_2.pdf"
"left","0307_Kinderen_1.pdf","1005_kinderen_3.pdf"
"left","0405_Kinderen2.pdf","1003_Kinderen1.pdf"
"right","0518_Kinderen_1.pdf","0911EMT_kinderen_1.pdf"
"left","0404_Kinderen2.pdf","0102_Kinderen2.pdf"
"left","0603_Kinderen2.pdf","0410_Kinderen3.pdf"
"left","0810_kinderen_1.pdf","0112_Kinderen_2.pdf"
"left","0702EMT Kinderen1.pdf","0302_kinderen_3.pdf"
"left","0417_Kinderen1.pdf","0607_kinderen_3.pdf"
"left","0910_Kinderen3.pdf","0303_Kinderen_1.pdf"
"left","0804_Kinderen2.pdf","0805_Kinderen1.pdf"
"right","1008_kinderen_3.pdf","0507_Kinderen1.pdf"
"left","0216EMT_Kinderen_3.pdf","0506_kinderen_3.pdf"
"right","0104_Kinderen_1.pdf","0108_Kinderen_1.pdf"
"right","0423_Kinderen3.pdf","1002_kinderen_1.pdf"
"right","0807_Kinderen2.pdf","0214EMT_Kinderen_3.pdf"
"right","0815_Kinderen2.pdf","0111_Kinderen_3.pdf"
"right","0407_Kinderen1.pdf","0615_Kinderen1.pdf"
"left","0215EMT_kinderen_3.pdf","0307_Kinderen_1.pdf"
"right","0901EMT_Kinderen_2.pdf","0403_Kinderen2.pdf"
"left","0510_kinderen_2.pdf","0710EMT Kinderen2.pdf"
"left","0816_Kinderen_1.pdf","0517_kinderen_1.pdf"
"right","0420_Kinderen2.pdf","0913EMT_Kinderen_3.pdf"
"right","0512_Kinderen_1.pdf","1002_kinderen_1.pdf"
"right","0903EMT_kinderen_2.pdf","0106_Kinderen_1.pdf"
"left","0910_Kinderen3.pdf","0310_Kinderen2.pdf"
"right","0707EMT Kinderen3.pdf","0425_Kinderen1.pdf"
"right","0110_Kinderen_3.pdf","0814_Kinderen_1.pdf"
"left","0416_Kinderen2.pdf","0605_Kinderen2.pdf"
"right","0613_Kinderen3.pdf","0803_Kinderen3.pdf"
"right","0303_Kinderen_1.pdf","0911EMT_kinderen_1.pdf"
"right","0506_kinderen_3.pdf","0606_Kinderen2.pdf"
"left","0917EMT_Kinderen_2.pdf","0811_Kinderen2.pdf"
"left","0905EMT_kinderen_3.pdf","0801_Kinderen_3.pdf"
"right","0505_kinderen_2.pdf","0112_Kinderen_2.pdf"
"left","0521_kinderen_2.pdf","0423_Kinderen3.pdf"
"right","0516_kinderen_1.pdf","0702EMT Kinderen1.pdf"
"right","0406_Kinderen1.pdf","0515_Kinderen_3.pdf"
"right","0424_Kinderen3.pdf","0818_Kinderen1.pdf"
"right","0404_Kinderen2.pdf","0810_kinderen_1.pdf"
"right","0616_Kinderen3.pdf","0805_Kinderen1.pdf"
"right","0915EMT_Kinderen_1.pdf","0706EMT Kinderen3.pdf"
"right","0105_Kinderen_3.pdf","0413_Kinderen3.pdf"
"right","0812_Kinderen_2.pdf","0417_Kinderen1.pdf"
"right","0916_Kinderen3.pdf","0914EMT_kinderen_1.pdf"
"right","0817_Kinderen2.pdf","0409_Kinderen3.pdf"
"right","0419_Kinderen1.pdf","1003_Kinderen1.pdf"
"right","0918EMT_Kinderen_2.pdf","0405_Kinderen2.pdf"
"right","0408_Kinderen1.pdf","0214EMT_Kinderen_3.pdf"
"right","0109_Kinderen_2.pdf","1009_kinderen_3.pdf"
"left","0704EMT Kinderen2.pdf","0421_Kinderen3.pdf"
"right","0411_Kinderen2.pdf","1004_Kinderen_2.pdf"
"right","0608_Kinderen2.pdf","0201_Kinderen1.pdf"
"right","0912EMT_kinderen_2.pdf","0208EMT_Kinderen_2.pdf"
"left","0418_Kinderen3.pdf","1005_kinderen_3.pdf"
"left","0611_Kinderen1.pdf","0412_Kinderen3.pdf"
"left","0604_Kinderen2.pdf","0909EMT_kinderen_3.pdf"
"right","0301_Kinderen_1.pdf","0813_Kinderen_3.pdf"
"left","0213EMT_Kinderen_2.pdf","0520_Kinderen_3.pdf"
"left","0415_Kinderen2.pdf","0111_Kinderen_3.pdf"
"right","0820_Kinderen3.pdf","0601_Kinderen3.pdf"
"right","0513_Kinderen1.pdf","0802_Kinderen_1.pdf"
"left","0212EMT_Kinderen_1.pdf","0502_kinderen_2.pdf"
"left","0108_Kinderen_1.pdf","0407_Kinderen1.pdf"
"right","0102_Kinderen2.pdf","0906_Kinderen2.pdf"
"left","0507_Kinderen1.pdf","0509_Kinderen_2.pdf"
"left","0904EMT_kinderen_1.pdf","0705EMT_Kinderen3.pdf"
"right","0314_Kinderen2.pdf","401_Kinderen3.pdf"
"left","0603_Kinderen2.pdf","0422_Kinderen2.pdf"
"left","0709EMT Kinderen1.pdf","1006_Kinderen_2.pdf"
"right","0508_kinderen_3.pdf","0602_Kinderen1.pdf"
"right","0808_kinderen_3.pdf","0216EMT_Kinderen_3.pdf"
"right","0703EMT Kinderen1.pdf","0815_Kinderen2.pdf"
"left","0402_Kinderen2.pdf","0908EMT_kinderen_1.pdf"
"right","0103_Kinderen_2.pdf","0410_Kinderen3.pdf"
"left","0609_Kinderen1.pdf","0104_Kinderen_1.pdf"
"right","0519_kinderen_3.pdf","0607_kinderen_3.pdf"
"right","1008_kinderen_3.pdf","0501_Kinderen_1.pdf"
"left","0902EMT_kinderen_3.pdf","0210EMT_Kinderen_1.pdf"
"left","0804_Kinderen2.pdf","0907EMT_kinderen_2.pdf"
"right","0518_Kinderen_1.pdf","0614_kinderen_3.pdf"
"left","0807_Kinderen2.pdf","0107_Kinderen2.pdf"
"left","0701EMT Kinderen2.pdf","0615_Kinderen1.pdf"
"left","0819_Kinderen3.pdf","0414_Kinderen1.pdf"
"right","0821_Kinderen1.pdf","0302_kinderen_3.pdf"
"right","0101_Kinderen3.pdf","0422_Kinderen2.pdf"
"right","0910_Kinderen3.pdf","0604_Kinderen2.pdf"
"right","0407_Kinderen1.pdf","0510_kinderen_2.pdf"
"left","0916_Kinderen3.pdf","0903EMT_kinderen_2.pdf"
"right","0517_kinderen_1.pdf","0106_Kinderen_1.pdf"
"right","0310_Kinderen2.pdf","0509_Kinderen_2.pdf"
"right","0815_Kinderen2.pdf","0816_Kinderen_1.pdf"
"left","0402_Kinderen2.pdf","0513_Kinderen1.pdf"
"right","0602_Kinderen1.pdf","0810_kinderen_1.pdf"
"right","0808_kinderen_3.pdf","0606_Kinderen2.pdf"
"left","0705EMT_Kinderen3.pdf","0111_Kinderen_3.pdf"
"right","0423_Kinderen3.pdf","0424_Kinderen3.pdf"
"right","0801_Kinderen_3.pdf","1003_Kinderen1.pdf"
"left","0505_kinderen_2.pdf","0417_Kinderen1.pdf"
"left","0703EMT Kinderen1.pdf","0302_kinderen_3.pdf"
"left","0215EMT_kinderen_3.pdf","0501_Kinderen_1.pdf"
"left","0818_Kinderen1.pdf","0516_kinderen_1.pdf"
"right","0901EMT_Kinderen_2.pdf","0421_Kinderen3.pdf"
"right","1006_Kinderen_2.pdf","1002_kinderen_1.pdf"
"right","0213EMT_Kinderen_2.pdf","0613_Kinderen3.pdf"
"right","0112_Kinderen_2.pdf","0212EMT_Kinderen_1.pdf"
"right","0303_Kinderen_1.pdf","0210EMT_Kinderen_1.pdf"
"left","0601_Kinderen3.pdf","0410_Kinderen3.pdf"
"right","0101_Kinderen3.pdf","0804_Kinderen2.pdf"
"right","0805_Kinderen1.pdf","0709EMT Kinderen1.pdf"
"right","0710EMT Kinderen2.pdf","0912EMT_kinderen_2.pdf"
"right","0103_Kinderen_2.pdf","0707EMT Kinderen3.pdf"
"right","0918EMT_Kinderen_2.pdf","0403_Kinderen2.pdf"
"right","0104_Kinderen_1.pdf","0909EMT_kinderen_3.pdf"
"left","0405_Kinderen2.pdf","0817_Kinderen2.pdf"
"right","0609_Kinderen1.pdf","0307_Kinderen_1.pdf"
"right","0412_Kinderen3.pdf","0425_Kinderen1.pdf"
"left","0906_Kinderen2.pdf","0615_Kinderen1.pdf"
"right","0408_Kinderen1.pdf","0608_Kinderen2.pdf"
"left","0301_Kinderen_1.pdf","0411_Kinderen2.pdf"
"right","0706EMT Kinderen3.pdf","0607_kinderen_3.pdf"
"right","0110_Kinderen_3.pdf","0616_Kinderen3.pdf"
"left","0821_Kinderen1.pdf","0812_Kinderen_2.pdf"
"left","0704EMT Kinderen2.pdf","0701EMT Kinderen2.pdf"
"left","0413_Kinderen3.pdf","0406_Kinderen1.pdf"
"left","0904EMT_kinderen_1.pdf","0614_kinderen_3.pdf"
"right","0512_Kinderen_1.pdf","0917EMT_Kinderen_2.pdf"
"left","0419_Kinderen1.pdf","0507_Kinderen1.pdf"
"left","401_Kinderen3.pdf","0803_Kinderen3.pdf"
"right","0519_kinderen_3.pdf","0905EMT_kinderen_3.pdf"
"left","0908EMT_kinderen_1.pdf","0520_Kinderen_3.pdf"
"right","1008_kinderen_3.pdf","0611_Kinderen1.pdf"
"right","0915EMT_Kinderen_1.pdf","0416_Kinderen2.pdf"
"left","0913EMT_Kinderen_3.pdf","0508_kinderen_3.pdf"
"left","1009_kinderen_3.pdf","0911EMT_kinderen_1.pdf"
"left","0107_Kinderen2.pdf","0515_Kinderen_3.pdf"
"left","0521_kinderen_2.pdf","0506_kinderen_3.pdf"
"right","0415_Kinderen2.pdf","0201_Kinderen1.pdf"
"left","0914EMT_kinderen_1.pdf","0902EMT_kinderen_3.pdf"
"left","0813_Kinderen_3.pdf","0518_Kinderen_1.pdf"
"right","0420_Kinderen2.pdf","0414_Kinderen1.pdf"
"right","0109_Kinderen_2.pdf","0603_Kinderen2.pdf"
"right","0819_Kinderen3.pdf","0605_Kinderen2.pdf"
"right","0216EMT_Kinderen_3.pdf","0802_Kinderen_1.pdf"
"right","0418_Kinderen3.pdf","0214EMT_Kinderen_3.pdf"
"right","0702EMT Kinderen1.pdf","1005_kinderen_3.pdf"
"left","0820_Kinderen3.pdf","0807_Kinderen2.pdf"
"left","0108_Kinderen_1.pdf","0105_Kinderen_3.pdf"
"left","0811_Kinderen2.pdf","0409_Kinderen3.pdf"
"right","0907EMT_kinderen_2.pdf","1004_Kinderen_2.pdf"
"right","0502_kinderen_2.pdf","0208EMT_Kinderen_2.pdf"
"left","0404_Kinderen2.pdf","0814_Kinderen_1.pdf"
"right","0314_Kinderen2.pdf","0102_Kinderen2.pdf"
"right","0512_Kinderen_1.pdf","0804_Kinderen2.pdf"
"left","0810_kinderen_1.pdf","0411_Kinderen2.pdf"
"left","0903EMT_kinderen_2.pdf","0516_kinderen_1.pdf"
"left","0501_Kinderen_1.pdf","0111_Kinderen_3.pdf"
"right","0613_Kinderen3.pdf","0214EMT_Kinderen_3.pdf"
"right","0801_Kinderen_3.pdf","0818_Kinderen1.pdf"
"right","0906_Kinderen2.pdf","0918EMT_Kinderen_2.pdf"
"right","0406_Kinderen1.pdf","0904EMT_kinderen_1.pdf"
"left","0821_Kinderen1.pdf","0811_Kinderen2.pdf"
"right","0210EMT_Kinderen_1.pdf","0108_Kinderen_1.pdf"
"left","1009_kinderen_3.pdf","0302_kinderen_3.pdf"
"left","401_Kinderen3.pdf","0607_kinderen_3.pdf"
"left","0913EMT_Kinderen_3.pdf","1006_Kinderen_2.pdf"
"left","0602_Kinderen1.pdf","0507_Kinderen1.pdf"
"left","0416_Kinderen2.pdf","0816_Kinderen_1.pdf"
"left","0403_Kinderen2.pdf","0911EMT_kinderen_1.pdf"
"right","0603_Kinderen2.pdf","0402_Kinderen2.pdf"
"left","0802_Kinderen_1.pdf","0109_Kinderen_2.pdf"
"left","0902EMT_kinderen_3.pdf","0614_kinderen_3.pdf"
"left","0410_Kinderen3.pdf","0820_Kinderen3.pdf"
"right","0106_Kinderen_1.pdf","0201_Kinderen1.pdf"
"right","1005_kinderen_3.pdf","0615_Kinderen1.pdf"
"left","0803_Kinderen3.pdf","0420_Kinderen2.pdf"
"left","0215EMT_kinderen_3.pdf","1004_Kinderen_2.pdf"
"right","0513_Kinderen1.pdf","0815_Kinderen2.pdf"
"left","0605_Kinderen2.pdf","0509_Kinderen_2.pdf"
"right","0705EMT_Kinderen3.pdf","0103_Kinderen_2.pdf"
"right","0611_Kinderen1.pdf","0914EMT_kinderen_1.pdf"
"right","0404_Kinderen2.pdf","0502_kinderen_2.pdf"
"right","0407_Kinderen1.pdf","0421_Kinderen3.pdf"
"right","0301_Kinderen_1.pdf","0216EMT_Kinderen_3.pdf"
"left","0307_Kinderen_1.pdf","0707EMT Kinderen3.pdf"
"left","0917EMT_Kinderen_2.pdf","0412_Kinderen3.pdf"
"right","0419_Kinderen1.pdf","0905EMT_kinderen_3.pdf"
"left","0423_Kinderen3.pdf","0303_Kinderen_1.pdf"
"left","0415_Kinderen2.pdf","0520_Kinderen_3.pdf"
"left","0424_Kinderen3.pdf","0102_Kinderen2.pdf"
"right","0601_Kinderen3.pdf","0706EMT Kinderen3.pdf"
"right","0808_kinderen_3.pdf","0608_Kinderen2.pdf"
"right","0521_kinderen_2.pdf","1003_Kinderen1.pdf"
"left","0916_Kinderen3.pdf","0915EMT_Kinderen_1.pdf"
"right","0418_Kinderen3.pdf","0417_Kinderen1.pdf"
"left","0505_kinderen_2.pdf","0519_kinderen_3.pdf"
"left","0422_Kinderen2.pdf","0212EMT_Kinderen_1.pdf"
"right","0112_Kinderen_2.pdf","0616_Kinderen3.pdf"
"right","0813_Kinderen_3.pdf","0413_Kinderen3.pdf"
"left","0910_Kinderen3.pdf","0703EMT Kinderen1.pdf"
"left","1002_kinderen_1.pdf","0912EMT_kinderen_2.pdf"
"left","0812_Kinderen_2.pdf","0908EMT_kinderen_1.pdf"
"right","0609_Kinderen1.pdf","0807_Kinderen2.pdf"
"right","0314_Kinderen2.pdf","0506_kinderen_3.pdf"
"right","0107_Kinderen2.pdf","0701EMT Kinderen2.pdf"
"left","0606_Kinderen2.pdf","0515_Kinderen_3.pdf"
"right","1008_kinderen_3.pdf","0909EMT_kinderen_3.pdf"
"left","0702EMT Kinderen1.pdf","0101_Kinderen3.pdf"
"left","0208EMT_Kinderen_2.pdf","0814_Kinderen_1.pdf"
"left","0405_Kinderen2.pdf","0414_Kinderen1.pdf"
"right","0819_Kinderen3.pdf","0901EMT_Kinderen_2.pdf"
"right","0110_Kinderen_3.pdf","0408_Kinderen1.pdf"
"left","0704EMT Kinderen2.pdf","0104_Kinderen_1.pdf"
"left","0709EMT Kinderen1.pdf","0105_Kinderen_3.pdf"
"right","0517_kinderen_1.pdf","0310_Kinderen2.pdf"
"right","0805_Kinderen1.pdf","0907EMT_kinderen_2.pdf"
"right","0518_Kinderen_1.pdf","0604_Kinderen2.pdf"
"left","0213EMT_Kinderen_2.pdf","0508_kinderen_3.pdf"
"right","0409_Kinderen3.pdf","0425_Kinderen1.pdf"
"right","0510_kinderen_2.pdf","0817_Kinderen2.pdf"
"left","0710EMT Kinderen2.pdf","0103_Kinderen_2.pdf"
"left","0310_Kinderen2.pdf","0801_Kinderen_3.pdf"
"right","0407_Kinderen1.pdf","0710EMT Kinderen2.pdf"
"right","0303_Kinderen_1.pdf","0105_Kinderen_3.pdf"
"left","0422_Kinderen2.pdf","0214EMT_Kinderen_3.pdf"
"left","0108_Kinderen_1.pdf","0420_Kinderen2.pdf"
"left","0609_Kinderen1.pdf","0507_Kinderen1.pdf"
"right","0106_Kinderen_1.pdf","401_Kinderen3.pdf"
"right","0811_Kinderen2.pdf","0416_Kinderen2.pdf"
"left","0814_Kinderen_1.pdf","0518_Kinderen_1.pdf"
"left","0212EMT_Kinderen_1.pdf","0509_Kinderen_2.pdf"
"right","0112_Kinderen_2.pdf","0608_Kinderen2.pdf"
"left","0424_Kinderen3.pdf","0707EMT Kinderen3.pdf"
"right","0302_kinderen_3.pdf","0909EMT_kinderen_3.pdf"
"left","0803_Kinderen3.pdf","0314_Kinderen2.pdf"
"right","0805_Kinderen1.pdf","0901EMT_Kinderen_2.pdf"
"right","1005_kinderen_3.pdf","0706EMT Kinderen3.pdf"
"left","0208EMT_Kinderen_2.pdf","0506_kinderen_3.pdf"
"left","0709EMT Kinderen1.pdf","0902EMT_kinderen_3.pdf"
"left","0216EMT_Kinderen_3.pdf","0604_Kinderen2.pdf"
"left","0418_Kinderen3.pdf","0403_Kinderen2.pdf"
"right","1006_Kinderen_2.pdf","0425_Kinderen1.pdf"
"left","0104_Kinderen_1.pdf","0519_kinderen_3.pdf"
"right","1002_kinderen_1.pdf","0405_Kinderen2.pdf"
"right","0107_Kinderen2.pdf","0412_Kinderen3.pdf"
"right","0419_Kinderen1.pdf","0813_Kinderen_3.pdf"
"left","0704EMT Kinderen2.pdf","0520_Kinderen_3.pdf"
"left","0601_Kinderen3.pdf","0917EMT_Kinderen_2.pdf"
"right","0812_Kinderen_2.pdf","0201_Kinderen1.pdf"
"left","0802_Kinderen_1.pdf","0817_Kinderen2.pdf"
"left","0307_Kinderen_1.pdf","0101_Kinderen3.pdf"
"left","0110_Kinderen_3.pdf","0111_Kinderen_3.pdf"
"right","1008_kinderen_3.pdf","0615_Kinderen1.pdf"
"right","0703EMT Kinderen1.pdf","0916_Kinderen3.pdf"
"right","0517_kinderen_1.pdf","0905EMT_kinderen_3.pdf"
"right","0816_Kinderen_1.pdf","0705EMT_Kinderen3.pdf"
"right","0508_kinderen_3.pdf","0404_Kinderen2.pdf"
"right","0606_Kinderen2.pdf","0414_Kinderen1.pdf"
"right","0408_Kinderen1.pdf","0820_Kinderen3.pdf"
"left","0605_Kinderen2.pdf","0818_Kinderen1.pdf"
"right","0213EMT_Kinderen_2.pdf","0417_Kinderen1.pdf"
"left","0807_Kinderen2.pdf","0516_kinderen_1.pdf"
"right","0819_Kinderen3.pdf","0904EMT_kinderen_1.pdf"
"right","0413_Kinderen3.pdf","0906_Kinderen2.pdf"
"right","0821_Kinderen1.pdf","1004_Kinderen_2.pdf"
"left","0109_Kinderen_2.pdf","0512_Kinderen_1.pdf"
"right","1003_Kinderen1.pdf","0505_kinderen_2.pdf"
"right","0607_kinderen_3.pdf","0421_Kinderen3.pdf"
"right","0918EMT_Kinderen_2.pdf","1009_kinderen_3.pdf"
"left","0102_Kinderen2.pdf","0301_Kinderen_1.pdf"
"right","0411_Kinderen2.pdf","0613_Kinderen3.pdf"
"right","0616_Kinderen3.pdf","0501_Kinderen_1.pdf"
"left","0502_kinderen_2.pdf","0701EMT Kinderen2.pdf"
"left","0914EMT_kinderen_1.pdf","0410_Kinderen3.pdf"
"left","0614_kinderen_3.pdf","0907EMT_kinderen_2.pdf"
"left","0903EMT_kinderen_2.pdf","0804_Kinderen2.pdf"
"left","0702EMT Kinderen1.pdf","0815_Kinderen2.pdf"
"right","0515_Kinderen_3.pdf","0603_Kinderen2.pdf"
"left","0513_Kinderen1.pdf","0215EMT_kinderen_3.pdf"
"left","0402_Kinderen2.pdf","0912EMT_kinderen_2.pdf"
"left","0611_Kinderen1.pdf","0415_Kinderen2.pdf"
"right","0808_kinderen_3.pdf","0911EMT_kinderen_1.pdf"
"right","0210EMT_Kinderen_1.pdf","0910_Kinderen3.pdf"
"right","0915EMT_Kinderen_1.pdf","0409_Kinderen3.pdf"
"left","0521_kinderen_2.pdf","0810_kinderen_1.pdf"
"right","0510_kinderen_2.pdf","0406_Kinderen1.pdf"
"right","0705EMT_Kinderen3.pdf","0910_Kinderen3.pdf"
"right","0509_Kinderen_2.pdf","0602_Kinderen1.pdf"
"right","0912EMT_kinderen_2.pdf","0521_kinderen_2.pdf"
"right","0519_kinderen_3.pdf","0909EMT_kinderen_3.pdf"
"right","0414_Kinderen1.pdf","0408_Kinderen1.pdf"
"left","0303_Kinderen_1.pdf","0411_Kinderen2.pdf"
"left","0210EMT_Kinderen_1.pdf","0423_Kinderen3.pdf"
"right","0302_kinderen_3.pdf","0608_Kinderen2.pdf"
"right","0107_Kinderen2.pdf","0507_Kinderen1.pdf"
"right","0616_Kinderen3.pdf","0403_Kinderen2.pdf"
"left","0102_Kinderen2.pdf","0805_Kinderen1.pdf"
"right","0512_Kinderen_1.pdf","0613_Kinderen3.pdf"
"left","0815_Kinderen2.pdf","1008_kinderen_3.pdf"
"right","0707EMT Kinderen3.pdf","401_Kinderen3.pdf"
"left","0606_Kinderen2.pdf","0106_Kinderen_1.pdf"
"right","0812_Kinderen_2.pdf","0706EMT Kinderen3.pdf"
"right","0810_kinderen_1.pdf","0709EMT Kinderen1.pdf"
"left","0208EMT_Kinderen_2.pdf","0103_Kinderen_2.pdf"
"right","1006_Kinderen_2.pdf","0915EMT_Kinderen_1.pdf"
"right","0604_Kinderen2.pdf","0911EMT_kinderen_1.pdf"
"right","0112_Kinderen_2.pdf","0501_Kinderen_1.pdf"
"right","0506_kinderen_3.pdf","0111_Kinderen_3.pdf"
"left","0804_Kinderen2.pdf","0801_Kinderen_3.pdf"
"right","0516_kinderen_1.pdf","0104_Kinderen_1.pdf"
"left","0422_Kinderen2.pdf","0310_Kinderen2.pdf"
"left","0710EMT Kinderen2.pdf","0406_Kinderen1.pdf"
"left","0424_Kinderen3.pdf","0807_Kinderen2.pdf"
"right","0215EMT_kinderen_3.pdf","0901EMT_Kinderen_2.pdf"
"left","0404_Kinderen2.pdf","0109_Kinderen_2.pdf"
"left","0409_Kinderen3.pdf","0819_Kinderen3.pdf"
"right","0105_Kinderen_3.pdf","0611_Kinderen1.pdf"
"right","0420_Kinderen2.pdf","0417_Kinderen1.pdf"
"left","0914EMT_kinderen_1.pdf","0918EMT_Kinderen_2.pdf"
"left","0916_Kinderen3.pdf","0419_Kinderen1.pdf"
"right","1002_kinderen_1.pdf","0603_Kinderen2.pdf"
"left","0216EMT_Kinderen_3.pdf","0508_kinderen_3.pdf"
"right","1003_Kinderen1.pdf","0703EMT Kinderen1.pdf"
"left","0108_Kinderen_1.pdf","0903EMT_kinderen_2.pdf"
"right","0212EMT_Kinderen_1.pdf","0410_Kinderen3.pdf"
"left","0605_Kinderen2.pdf","0701EMT Kinderen2.pdf"
"right","0811_Kinderen2.pdf","0201_Kinderen1.pdf"
"right","0517_kinderen_1.pdf","0601_Kinderen3.pdf"
"right","0510_kinderen_2.pdf","0816_Kinderen_1.pdf"
"right","0502_kinderen_2.pdf","0505_kinderen_2.pdf"
"left","0803_Kinderen3.pdf","0817_Kinderen2.pdf"
"left","0614_kinderen_3.pdf","0905EMT_kinderen_3.pdf"
"right","0413_Kinderen3.pdf","0609_Kinderen1.pdf"
"left","1005_kinderen_3.pdf","0821_Kinderen1.pdf"
"left","0520_Kinderen_3.pdf","0518_Kinderen_1.pdf"
"left","0402_Kinderen2.pdf","0405_Kinderen2.pdf"
"left","0818_Kinderen1.pdf","0607_kinderen_3.pdf"
"left","0213EMT_Kinderen_2.pdf","0820_Kinderen3.pdf"
"left","0307_Kinderen_1.pdf","0418_Kinderen3.pdf"
"right","0415_Kinderen2.pdf","0301_Kinderen_1.pdf"
"right","0110_Kinderen_3.pdf","0416_Kinderen2.pdf"
"left","0904EMT_kinderen_1.pdf","0425_Kinderen1.pdf"
"left","0913EMT_Kinderen_3.pdf","0902EMT_kinderen_3.pdf"
"left","0704EMT Kinderen2.pdf","0412_Kinderen3.pdf"
"right","0515_Kinderen_3.pdf","0813_Kinderen_3.pdf"
"left","0407_Kinderen1.pdf","0908EMT_kinderen_1.pdf"
"right","1004_Kinderen_2.pdf","0917EMT_Kinderen_2.pdf"
"left","0421_Kinderen3.pdf","0802_Kinderen_1.pdf"
"right","0314_Kinderen2.pdf","0808_kinderen_3.pdf"
"right","0907EMT_kinderen_2.pdf","0214EMT_Kinderen_3.pdf"
"left","0906_Kinderen2.pdf","0814_Kinderen_1.pdf"
"left","0702EMT Kinderen1.pdf","0615_Kinderen1.pdf"
"left","0101_Kinderen3.pdf","0819_Kinderen3.pdf"
"right","0423_Kinderen3.pdf","0412_Kinderen3.pdf"
"right","0515_Kinderen_3.pdf","0416_Kinderen2.pdf"
"left","0903EMT_kinderen_2.pdf","0415_Kinderen2.pdf"
"left","0902EMT_kinderen_3.pdf","0502_kinderen_2.pdf"
"left","0914EMT_kinderen_1.pdf","0109_Kinderen_2.pdf"
"left","0417_Kinderen1.pdf","0918EMT_Kinderen_2.pdf"
"left","0216EMT_Kinderen_3.pdf","0303_Kinderen_1.pdf"
"left","0507_Kinderen1.pdf","0607_kinderen_3.pdf"
"right","0512_Kinderen_1.pdf","0421_Kinderen3.pdf"
"left","0709EMT Kinderen1.pdf","0802_Kinderen_1.pdf"
"right","0314_Kinderen2.pdf","0915EMT_Kinderen_1.pdf"
"left","0213EMT_Kinderen_2.pdf","0815_Kinderen2.pdf"
"left","0916_Kinderen3.pdf","0302_kinderen_3.pdf"
"right","0807_Kinderen2.pdf","0603_Kinderen2.pdf"
"right","1004_Kinderen_2.pdf","0210EMT_Kinderen_1.pdf"
"right","1003_Kinderen1.pdf","0214EMT_Kinderen_3.pdf"
"left","0904EMT_kinderen_1.pdf","0104_Kinderen_1.pdf"
"right","0510_kinderen_2.pdf","0814_Kinderen_1.pdf"
"right","1009_kinderen_3.pdf","0410_Kinderen3.pdf"
"left","0905EMT_kinderen_3.pdf","0705EMT_Kinderen3.pdf"
"right","0710EMT Kinderen2.pdf","0307_Kinderen_1.pdf"
"right","0616_Kinderen3.pdf","0901EMT_Kinderen_2.pdf"
"left","0615_Kinderen1.pdf","0614_kinderen_3.pdf"
"right","0516_kinderen_1.pdf","0813_Kinderen_3.pdf"
"right","0506_kinderen_3.pdf","0102_Kinderen2.pdf"
"left","0803_Kinderen3.pdf","0419_Kinderen1.pdf"
"right","0101_Kinderen3.pdf","0821_Kinderen1.pdf"
"right","0106_Kinderen_1.pdf","0804_Kinderen2.pdf"
"right","0501_Kinderen_1.pdf","0310_Kinderen2.pdf"
"left","0906_Kinderen2.pdf","0521_kinderen_2.pdf"
"right","0103_Kinderen_2.pdf","0201_Kinderen1.pdf"
"left","0212EMT_Kinderen_1.pdf","0301_Kinderen_1.pdf"
"left","0701EMT Kinderen2.pdf","0518_Kinderen_1.pdf"
"right","0112_Kinderen_2.pdf","0414_Kinderen1.pdf"
"left","0702EMT Kinderen1.pdf","0606_Kinderen2.pdf"
"right","0509_Kinderen_2.pdf","0613_Kinderen3.pdf"
"right","0406_Kinderen1.pdf","0704EMT Kinderen2.pdf"
"right","0808_kinderen_3.pdf","0404_Kinderen2.pdf"
"left","0810_kinderen_1.pdf","0422_Kinderen2.pdf"
"left","0611_Kinderen1.pdf","0602_Kinderen1.pdf"
"left","0425_Kinderen1.pdf","0107_Kinderen2.pdf"
"left","0409_Kinderen3.pdf","0913EMT_Kinderen_3.pdf"
"left","0108_Kinderen_1.pdf","0608_Kinderen2.pdf"
"right","0513_Kinderen1.pdf","0403_Kinderen2.pdf"
"left","0820_Kinderen3.pdf","0604_Kinderen2.pdf"
"left","0910_Kinderen3.pdf","0411_Kinderen2.pdf"
"left","0917EMT_Kinderen_2.pdf","0505_kinderen_2.pdf"
"right","0402_Kinderen2.pdf","0420_Kinderen2.pdf"
"right","0105_Kinderen_3.pdf","0909EMT_kinderen_3.pdf"
"left","0424_Kinderen3.pdf","0811_Kinderen2.pdf"
"right","0605_Kinderen2.pdf","0407_Kinderen1.pdf"
"left","0208EMT_Kinderen_2.pdf","0517_kinderen_1.pdf"
"right","0520_Kinderen_3.pdf","0707EMT Kinderen3.pdf"
"left","0911EMT_kinderen_1.pdf","0817_Kinderen2.pdf"
"left","0609_Kinderen1.pdf","0508_kinderen_3.pdf"
"right","1002_kinderen_1.pdf","0818_Kinderen1.pdf"
"right","0703EMT Kinderen1.pdf","0110_Kinderen_3.pdf"
"right","0801_Kinderen_3.pdf","0812_Kinderen_2.pdf"
"right","1005_kinderen_3.pdf","0805_Kinderen1.pdf"
"right","0706EMT Kinderen3.pdf","0405_Kinderen2.pdf"
"left","1008_kinderen_3.pdf","0519_kinderen_3.pdf"
"left","0413_Kinderen3.pdf","0912EMT_kinderen_2.pdf"
"right","0908EMT_kinderen_1.pdf","0215EMT_kinderen_3.pdf"
"right","0408_Kinderen1.pdf","0601_Kinderen3.pdf"
"right","1006_Kinderen_2.pdf","0418_Kinderen3.pdf"
"right","0816_Kinderen_1.pdf","0111_Kinderen_3.pdf"
"left","401_Kinderen3.pdf","0907EMT_kinderen_2.pdf"
"right","0906_Kinderen2.pdf","0913EMT_Kinderen_3.pdf"
"left","0405_Kinderen2.pdf","1004_Kinderen_2.pdf"
"right","0801_Kinderen_3.pdf","0802_Kinderen_1.pdf"
"right","0513_Kinderen1.pdf","0108_Kinderen_1.pdf"
"right","0520_Kinderen_3.pdf","0104_Kinderen_1.pdf"
"right","0425_Kinderen1.pdf","0805_Kinderen1.pdf"
"left","0403_Kinderen2.pdf","0411_Kinderen2.pdf"
"right","0816_Kinderen_1.pdf","0615_Kinderen1.pdf"
"right","0811_Kinderen2.pdf","0422_Kinderen2.pdf"
"right","0808_kinderen_3.pdf","0914EMT_kinderen_1.pdf"
"left","0106_Kinderen_1.pdf","0607_kinderen_3.pdf"
"right","0521_kinderen_2.pdf","0407_Kinderen1.pdf"
"right","1005_kinderen_3.pdf","0609_Kinderen1.pdf"
"left","0909EMT_kinderen_3.pdf","0314_Kinderen2.pdf"
"right","0710EMT Kinderen2.pdf","0216EMT_Kinderen_3.pdf"
"left","0704EMT Kinderen2.pdf","0918EMT_Kinderen_2.pdf"
"left","0814_Kinderen_1.pdf","0519_kinderen_3.pdf"
"left","0406_Kinderen1.pdf","0210EMT_Kinderen_1.pdf"
"left","0608_Kinderen2.pdf","0413_Kinderen3.pdf"
"left","0821_Kinderen1.pdf","0408_Kinderen1.pdf"
"right","0810_kinderen_1.pdf","0417_Kinderen1.pdf"
"left","0201_Kinderen1.pdf","0818_Kinderen1.pdf"
"right","0107_Kinderen2.pdf","0404_Kinderen2.pdf"
"right","0516_kinderen_1.pdf","0507_Kinderen1.pdf"
"right","0423_Kinderen3.pdf","0212EMT_Kinderen_1.pdf"
"left","0505_kinderen_2.pdf","0508_kinderen_3.pdf"
"left","0905EMT_kinderen_3.pdf","0302_kinderen_3.pdf"
"left","0813_Kinderen_3.pdf","0915EMT_Kinderen_1.pdf"
"left","0412_Kinderen3.pdf","0509_Kinderen_2.pdf"
"left","0208EMT_Kinderen_2.pdf","0706EMT Kinderen3.pdf"
"left","0214EMT_Kinderen_3.pdf","0101_Kinderen3.pdf"
"left","0416_Kinderen2.pdf","0815_Kinderen2.pdf"
"left","0911EMT_kinderen_1.pdf","0613_Kinderen3.pdf"
"right","0804_Kinderen2.pdf","0410_Kinderen3.pdf"
"right","0506_kinderen_3.pdf","0614_kinderen_3.pdf"
"right","0616_Kinderen3.pdf","0611_Kinderen1.pdf"
"right","0517_kinderen_1.pdf","0705EMT_Kinderen3.pdf"
"left","0812_Kinderen_2.pdf","0105_Kinderen_3.pdf"
"right","0303_Kinderen_1.pdf","0917EMT_Kinderen_2.pdf"
"left","0605_Kinderen2.pdf","0414_Kinderen1.pdf"
"right","0111_Kinderen_3.pdf","0916_Kinderen3.pdf"
"left","0102_Kinderen2.pdf","0903EMT_kinderen_2.pdf"
"left","0819_Kinderen3.pdf","401_Kinderen3.pdf"
"right","0501_Kinderen_1.pdf","0703EMT Kinderen1.pdf"
"right","0110_Kinderen_3.pdf","0901EMT_Kinderen_2.pdf"
"right","1008_kinderen_3.pdf","0418_Kinderen3.pdf"
"left","0502_kinderen_2.pdf","0213EMT_Kinderen_2.pdf"
"left","0424_Kinderen3.pdf","1006_Kinderen_2.pdf"
"left","0709EMT Kinderen1.pdf","0515_Kinderen_3.pdf"
"left","0307_Kinderen_1.pdf","0602_Kinderen1.pdf"
"left","0910_Kinderen3.pdf","0820_Kinderen3.pdf"
"left","0510_kinderen_2.pdf","0606_Kinderen2.pdf"
"left","0215EMT_kinderen_3.pdf","0512_Kinderen_1.pdf"
"right","0707EMT Kinderen3.pdf","0601_Kinderen3.pdf"
"right","0518_Kinderen_1.pdf","0908EMT_kinderen_1.pdf"
"left","0904EMT_kinderen_1.pdf","0301_Kinderen_1.pdf"
"right","0409_Kinderen3.pdf","0907EMT_kinderen_2.pdf"
"right","0103_Kinderen_2.pdf","0310_Kinderen2.pdf"
"left","0603_Kinderen2.pdf","0112_Kinderen_2.pdf"
"right","0702EMT Kinderen1.pdf","0902EMT_kinderen_3.pdf"
"right","1009_kinderen_3.pdf","0912EMT_kinderen_2.pdf"
"right","1003_Kinderen1.pdf","0604_Kinderen2.pdf"
"right","0420_Kinderen2.pdf","0701EMT Kinderen2.pdf"
"left","0817_Kinderen2.pdf","0109_Kinderen_2.pdf"
"right","0807_Kinderen2.pdf","0419_Kinderen1.pdf"
"right","0402_Kinderen2.pdf","1002_kinderen_1.pdf"
"right","0803_Kinderen3.pdf","0421_Kinderen3.pdf"
"left","0415_Kinderen2.pdf","0513_Kinderen1.pdf"
"left","0907EMT_kinderen_2.pdf","0605_Kinderen2.pdf"
"left","0521_kinderen_2.pdf","1006_Kinderen_2.pdf"
"left","0904EMT_kinderen_1.pdf","0815_Kinderen2.pdf"
"left","0803_Kinderen3.pdf","0408_Kinderen1.pdf"
"left","0905EMT_kinderen_3.pdf","0303_Kinderen_1.pdf"
"left","0512_Kinderen_1.pdf","0111_Kinderen_3.pdf"
"left","0419_Kinderen1.pdf","1004_Kinderen_2.pdf"
"right","0804_Kinderen2.pdf","0214EMT_Kinderen_3.pdf"
"right","0518_Kinderen_1.pdf","0410_Kinderen3.pdf"
"right","0509_Kinderen_2.pdf","0614_kinderen_3.pdf"
"left","0613_Kinderen3.pdf","0820_Kinderen3.pdf"
"left","0709EMT Kinderen1.pdf","0821_Kinderen1.pdf"
"left","0418_Kinderen3.pdf","0409_Kinderen3.pdf"
"right","0110_Kinderen_3.pdf","0606_Kinderen2.pdf"
"left","0424_Kinderen3.pdf","0604_Kinderen2.pdf"
"right","0420_Kinderen2.pdf","0706EMT Kinderen3.pdf"
"left","0416_Kinderen2.pdf","0414_Kinderen1.pdf"
"left","0403_Kinderen2.pdf","0801_Kinderen_3.pdf"
"right","0807_Kinderen2.pdf","0607_kinderen_3.pdf"
"left","0814_Kinderen_1.pdf","0609_Kinderen1.pdf"
"right","0310_Kinderen2.pdf","0608_Kinderen2.pdf"
"right","0502_kinderen_2.pdf","1003_Kinderen1.pdf"
"left","0216EMT_Kinderen_3.pdf","0910_Kinderen3.pdf"
"left","0901EMT_Kinderen_2.pdf","0425_Kinderen1.pdf"
"right","0704EMT Kinderen2.pdf","0810_kinderen_1.pdf"
"right","0103_Kinderen_2.pdf","0703EMT Kinderen1.pdf"
"left","0705EMT_Kinderen3.pdf","0615_Kinderen1.pdf"
"right","0302_kinderen_3.pdf","0423_Kinderen3.pdf"
"right","0902EMT_kinderen_3.pdf","0817_Kinderen2.pdf"
"left","0417_Kinderen1.pdf","0210EMT_Kinderen_1.pdf"
"right","0421_Kinderen3.pdf","0201_Kinderen1.pdf"
"left","0520_Kinderen_3.pdf","0816_Kinderen_1.pdf"
"left","0916_Kinderen3.pdf","0422_Kinderen2.pdf"
"right","0707EMT Kinderen3.pdf","0406_Kinderen1.pdf"
"right","0506_kinderen_3.pdf","0404_Kinderen2.pdf"
"left","0914EMT_kinderen_1.pdf","0819_Kinderen3.pdf"
"left","1009_kinderen_3.pdf","0702EMT Kinderen1.pdf"
"right","0912EMT_kinderen_2.pdf","0601_Kinderen3.pdf"
"right","0101_Kinderen3.pdf","0602_Kinderen1.pdf"
"right","0411_Kinderen2.pdf","0412_Kinderen3.pdf"
"right","0213EMT_Kinderen_2.pdf","0415_Kinderen2.pdf"
"right","1002_kinderen_1.pdf","0913EMT_Kinderen_3.pdf"
"left","0813_Kinderen_3.pdf","0508_kinderen_3.pdf"
"left","0104_Kinderen_1.pdf","0112_Kinderen_2.pdf"
"right","0516_kinderen_1.pdf","0917EMT_Kinderen_2.pdf"
"right","0106_Kinderen_1.pdf","0519_kinderen_3.pdf"
"right","0507_Kinderen1.pdf","0603_Kinderen2.pdf"
"left","0915EMT_Kinderen_1.pdf","1005_kinderen_3.pdf"
"right","0517_kinderen_1.pdf","0911EMT_kinderen_1.pdf"
"left","0301_Kinderen_1.pdf","0505_kinderen_2.pdf"
"right","0616_Kinderen3.pdf","0918EMT_Kinderen_2.pdf"
"right","0215EMT_kinderen_3.pdf","0108_Kinderen_1.pdf"
"right","0501_Kinderen_1.pdf","401_Kinderen3.pdf"
"left","0307_Kinderen_1.pdf","0105_Kinderen_3.pdf"
"right","0908EMT_kinderen_1.pdf","0811_Kinderen2.pdf"
"right","0212EMT_Kinderen_1.pdf","0906_Kinderen2.pdf"
"right","0710EMT Kinderen2.pdf","0701EMT Kinderen2.pdf"
"right","0812_Kinderen_2.pdf","0909EMT_kinderen_3.pdf"
"right","0510_kinderen_2.pdf","0413_Kinderen3.pdf"
"left","0314_Kinderen2.pdf","0515_Kinderen_3.pdf"
"left","0818_Kinderen1.pdf","0802_Kinderen_1.pdf"
"left","0405_Kinderen2.pdf","0808_kinderen_3.pdf"
"left","0402_Kinderen2.pdf","0611_Kinderen1.pdf"
"right","0805_Kinderen1.pdf","0109_Kinderen_2.pdf"
"right","0407_Kinderen1.pdf","0208EMT_Kinderen_2.pdf"
"right","1008_kinderen_3.pdf","0102_Kinderen2.pdf"
"right","0107_Kinderen2.pdf","0903EMT_kinderen_2.pdf"
"left","0904EMT_kinderen_1.pdf","0916_Kinderen3.pdf"
"left","0702EMT Kinderen1.pdf","0616_Kinderen3.pdf"
"right","1003_Kinderen1.pdf","0601_Kinderen3.pdf"
"right","0808_kinderen_3.pdf","0909EMT_kinderen_3.pdf"
"right","0502_kinderen_2.pdf","0821_Kinderen1.pdf"
"left","0802_Kinderen_1.pdf","0302_kinderen_3.pdf"
"right","0918EMT_Kinderen_2.pdf","0416_Kinderen2.pdf"
"left","0210EMT_Kinderen_1.pdf","0807_Kinderen2.pdf"
"right","0411_Kinderen2.pdf","0405_Kinderen2.pdf"
"left","0704EMT Kinderen2.pdf","0212EMT_Kinderen_1.pdf"
"right","0903EMT_kinderen_2.pdf","0109_Kinderen_2.pdf"
"right","401_Kinderen3.pdf","0812_Kinderen_2.pdf"
"left","0906_Kinderen2.pdf","0111_Kinderen_3.pdf"
"right","0507_Kinderen1.pdf","0901EMT_Kinderen_2.pdf"
"right","0402_Kinderen2.pdf","0915EMT_Kinderen_1.pdf"
"left","0519_kinderen_3.pdf","0817_Kinderen2.pdf"
"right","0310_Kinderen2.pdf","0307_Kinderen_1.pdf"
"left","0414_Kinderen1.pdf","0706EMT Kinderen3.pdf"
"left","0509_Kinderen_2.pdf","0112_Kinderen_2.pdf"
"left","0810_kinderen_1.pdf","0803_Kinderen3.pdf"
"right","0518_Kinderen_1.pdf","0423_Kinderen3.pdf"
"left","0403_Kinderen2.pdf","0215EMT_kinderen_3.pdf"
"right","0819_Kinderen3.pdf","0213EMT_Kinderen_2.pdf"
"right","0707EMT Kinderen3.pdf","0108_Kinderen_1.pdf"
"left","0816_Kinderen_1.pdf","0611_Kinderen1.pdf"
"right","0905EMT_kinderen_3.pdf","1009_kinderen_3.pdf"
"right","0820_Kinderen3.pdf","0917EMT_Kinderen_2.pdf"
"left","0608_Kinderen2.pdf","0910_Kinderen3.pdf"
"left","0303_Kinderen_1.pdf","0908EMT_kinderen_1.pdf"
"left","0604_Kinderen2.pdf","1005_kinderen_3.pdf"
"right","0512_Kinderen_1.pdf","0912EMT_kinderen_2.pdf"
"right","0801_Kinderen_3.pdf","0603_Kinderen2.pdf"
"right","0107_Kinderen2.pdf","0301_Kinderen_1.pdf"
"right","0515_Kinderen_3.pdf","0815_Kinderen2.pdf"
"left","0419_Kinderen1.pdf","0602_Kinderen1.pdf"
"right","0513_Kinderen1.pdf","0409_Kinderen3.pdf"
"right","0501_Kinderen_1.pdf","0404_Kinderen2.pdf"
"right","0517_kinderen_1.pdf","0421_Kinderen3.pdf"
"left","0703EMT Kinderen1.pdf","0407_Kinderen1.pdf"
"left","0606_Kinderen2.pdf","0907EMT_kinderen_2.pdf"
"right","0911EMT_kinderen_1.pdf","1008_kinderen_3.pdf"
"left","0811_Kinderen2.pdf","0506_kinderen_3.pdf"
"right","0613_Kinderen3.pdf","0413_Kinderen3.pdf"
"right","0615_Kinderen1.pdf","0813_Kinderen_3.pdf"
"left","0902EMT_kinderen_3.pdf","0101_Kinderen3.pdf"
"left","0214EMT_Kinderen_3.pdf","0420_Kinderen2.pdf"
"left","0424_Kinderen3.pdf","0521_kinderen_2.pdf"
"right","0814_Kinderen_1.pdf","1002_kinderen_1.pdf"
"right","0412_Kinderen3.pdf","0805_Kinderen1.pdf"
"left","0818_Kinderen1.pdf","0609_Kinderen1.pdf"
"left","0418_Kinderen3.pdf","0510_kinderen_2.pdf"
"left","0106_Kinderen_1.pdf","0705EMT_Kinderen3.pdf"
"left","0709EMT Kinderen1.pdf","0520_Kinderen_3.pdf"
"left","0605_Kinderen2.pdf","0516_kinderen_1.pdf"
"right","0614_kinderen_3.pdf","0914EMT_kinderen_1.pdf"
"left","0408_Kinderen1.pdf","1006_Kinderen_2.pdf"
"right","0104_Kinderen_1.pdf","0410_Kinderen3.pdf"
"right","0406_Kinderen1.pdf","0208EMT_Kinderen_2.pdf"
"right","0425_Kinderen1.pdf","0913EMT_Kinderen_3.pdf"
"left","0422_Kinderen2.pdf","0415_Kinderen2.pdf"
"right","0103_Kinderen_2.pdf","0701EMT Kinderen2.pdf"
"right","0314_Kinderen2.pdf","0417_Kinderen1.pdf"
"left","0105_Kinderen_3.pdf","1004_Kinderen_2.pdf"
"left","0201_Kinderen1.pdf","0804_Kinderen2.pdf"
"left","0110_Kinderen_3.pdf","0710EMT Kinderen2.pdf"
"left","0216EMT_Kinderen_3.pdf","0607_kinderen_3.pdf"
"right","0508_kinderen_3.pdf","0102_Kinderen2.pdf"
"right","0505_kinderen_2.pdf","0916_Kinderen3.pdf"
"right","0111_Kinderen_3.pdf","0402_Kinderen2.pdf"
"right","0906_Kinderen2.pdf","0424_Kinderen3.pdf"
"left","0404_Kinderen2.pdf","0817_Kinderen2.pdf"
"left","0912EMT_kinderen_2.pdf","0513_Kinderen1.pdf"
"right","0310_Kinderen2.pdf","0201_Kinderen1.pdf"
"right","0601_Kinderen3.pdf","0904EMT_kinderen_1.pdf"
"left","0613_Kinderen3.pdf","0818_Kinderen1.pdf"
"right","0507_Kinderen1.pdf","1009_kinderen_3.pdf"
"left","0418_Kinderen3.pdf","0520_Kinderen_3.pdf"
"right","0213EMT_Kinderen_2.pdf","0410_Kinderen3.pdf"
"left","0108_Kinderen_1.pdf","0812_Kinderen_2.pdf"
"left","0521_kinderen_2.pdf","0411_Kinderen2.pdf"
"right","0702EMT Kinderen1.pdf","0417_Kinderen1.pdf"
"right","0811_Kinderen2.pdf","0102_Kinderen2.pdf"
"right","0801_Kinderen_3.pdf","0416_Kinderen2.pdf"
"left","0901EMT_Kinderen_2.pdf","0314_Kinderen2.pdf"
"left","0603_Kinderen2.pdf","0303_Kinderen_1.pdf"
"left","0602_Kinderen1.pdf","0607_kinderen_3.pdf"
"right","0420_Kinderen2.pdf","0614_kinderen_3.pdf"
"left","0805_Kinderen1.pdf","0807_Kinderen2.pdf"
"right","0518_Kinderen_1.pdf","0909EMT_kinderen_3.pdf"
"left","0505_kinderen_2.pdf","1005_kinderen_3.pdf"
"right","0808_kinderen_3.pdf","0820_Kinderen3.pdf"
"right","0606_Kinderen2.pdf","0422_Kinderen2.pdf"
"left","0104_Kinderen_1.pdf","0701EMT Kinderen2.pdf"
"left","0710EMT Kinderen2.pdf","0508_kinderen_3.pdf"
"left","0616_Kinderen3.pdf","0615_Kinderen1.pdf"
"right","0106_Kinderen_1.pdf","0107_Kinderen2.pdf"
"left","0605_Kinderen2.pdf","0501_Kinderen_1.pdf"
"left","1003_Kinderen1.pdf","0815_Kinderen2.pdf"
"right","0907EMT_kinderen_2.pdf","0415_Kinderen2.pdf"
"right","0819_Kinderen3.pdf","0804_Kinderen2.pdf"
"right","0215EMT_kinderen_3.pdf","0212EMT_Kinderen_1.pdf"
"right","0103_Kinderen_2.pdf","0816_Kinderen_1.pdf"
"left","0810_kinderen_1.pdf","0918EMT_Kinderen_2.pdf"
"left","0405_Kinderen2.pdf","0516_kinderen_1.pdf"
"right","0409_Kinderen3.pdf","0608_Kinderen2.pdf"
"left","0214EMT_Kinderen_3.pdf","0112_Kinderen_2.pdf"
"right","0407_Kinderen1.pdf","0707EMT Kinderen3.pdf"
"right","0515_Kinderen_3.pdf","0910_Kinderen3.pdf"
"left","0814_Kinderen_1.pdf","0301_Kinderen_1.pdf"
"left","0706EMT Kinderen3.pdf","1006_Kinderen_2.pdf"
"right","0110_Kinderen_3.pdf","0803_Kinderen3.pdf"
"right","0413_Kinderen3.pdf","0208EMT_Kinderen_2.pdf"
"right","0506_kinderen_3.pdf","0512_Kinderen_1.pdf"
"right","0519_kinderen_3.pdf","0705EMT_Kinderen3.pdf"
"left","0703EMT Kinderen1.pdf","0421_Kinderen3.pdf"
"left","0802_Kinderen_1.pdf","0517_kinderen_1.pdf"
"right","0109_Kinderen_2.pdf","1002_kinderen_1.pdf"
"right","0908EMT_kinderen_1.pdf","0604_Kinderen2.pdf"
"left","0307_Kinderen_1.pdf","0216EMT_Kinderen_3.pdf"
"right","1008_kinderen_3.pdf","0917EMT_Kinderen_2.pdf"
"left","0419_Kinderen1.pdf","0509_Kinderen_2.pdf"
"left","0704EMT Kinderen2.pdf","0302_kinderen_3.pdf"
"left","0905EMT_kinderen_3.pdf","0210EMT_Kinderen_1.pdf"
"right","0510_kinderen_2.pdf","0813_Kinderen_3.pdf"
"right","401_Kinderen3.pdf","0611_Kinderen1.pdf"
"right","0101_Kinderen3.pdf","1004_Kinderen_2.pdf"
"right","0406_Kinderen1.pdf","0913EMT_Kinderen_3.pdf"
"right","0408_Kinderen1.pdf","0911EMT_kinderen_1.pdf"
"left","0423_Kinderen3.pdf","0915EMT_Kinderen_1.pdf"
"right","0902EMT_kinderen_3.pdf","0403_Kinderen2.pdf"
"right","0425_Kinderen1.pdf","0914EMT_kinderen_1.pdf"
"left","0414_Kinderen1.pdf","0105_Kinderen_3.pdf"
"left","0412_Kinderen3.pdf","0903EMT_kinderen_2.pdf"
"right","0821_Kinderen1.pdf","0609_Kinderen1.pdf"
"right","0502_kinderen_2.pdf","0709EMT Kinderen1.pdf"
"left","0816_Kinderen_1.pdf","0423_Kinderen3.pdf"
"left","0102_Kinderen2.pdf","0104_Kinderen_1.pdf"
"right","0314_Kinderen2.pdf","0904EMT_kinderen_1.pdf"
"right","0513_Kinderen1.pdf","0201_Kinderen1.pdf"
"right","0802_Kinderen_1.pdf","0417_Kinderen1.pdf"
"left","0615_Kinderen1.pdf","0516_kinderen_1.pdf"
"right","0502_kinderen_2.pdf","0210EMT_Kinderen_1.pdf"
"right","0107_Kinderen2.pdf","0909EMT_kinderen_3.pdf"
"right","0310_Kinderen2.pdf","0605_Kinderen2.pdf"
"right","0509_Kinderen_2.pdf","0214EMT_Kinderen_3.pdf"
"right","0419_Kinderen1.pdf","0108_Kinderen_1.pdf"
"left","0814_Kinderen_1.pdf","0703EMT Kinderen1.pdf"
"left","0710EMT Kinderen2.pdf","0106_Kinderen_1.pdf"
"left","0405_Kinderen2.pdf","0404_Kinderen2.pdf"
"right","0101_Kinderen3.pdf","1006_Kinderen_2.pdf"
"right","0302_kinderen_3.pdf","0424_Kinderen3.pdf"
"right","0519_kinderen_3.pdf","0111_Kinderen_3.pdf"
"left","0403_Kinderen2.pdf","0705EMT_Kinderen3.pdf"
"left","0607_kinderen_3.pdf","1005_kinderen_3.pdf"
"right","0520_Kinderen_3.pdf","0212EMT_Kinderen_1.pdf"
"right","0905EMT_kinderen_3.pdf","0820_Kinderen3.pdf"
"left","0913EMT_Kinderen_3.pdf","0604_Kinderen2.pdf"
"right","0103_Kinderen_2.pdf","0908EMT_kinderen_1.pdf"
"left","0906_Kinderen2.pdf","0707EMT Kinderen3.pdf"
"right","0901EMT_Kinderen_2.pdf","0917EMT_Kinderen_2.pdf"
"right","0804_Kinderen2.pdf","0821_Kinderen1.pdf"
"right","0501_Kinderen_1.pdf","0420_Kinderen2.pdf"
"right","0808_kinderen_3.pdf","0817_Kinderen2.pdf"
"right","0112_Kinderen_2.pdf","0110_Kinderen_3.pdf"
"left","0406_Kinderen1.pdf","0805_Kinderen1.pdf"
"left","0402_Kinderen2.pdf","0609_Kinderen1.pdf"
"left","0216EMT_Kinderen_3.pdf","0903EMT_kinderen_2.pdf"
"right","0517_kinderen_1.pdf","0706EMT Kinderen3.pdf"
"left","0911EMT_kinderen_1.pdf","0512_Kinderen_1.pdf"
"left","0914EMT_kinderen_1.pdf","0910_Kinderen3.pdf"
"left","0611_Kinderen1.pdf","0810_kinderen_1.pdf"
"left","0815_Kinderen2.pdf","0819_Kinderen3.pdf"
"left","0812_Kinderen_2.pdf","0506_kinderen_3.pdf"
"right","0508_kinderen_3.pdf","401_Kinderen3.pdf"
"left","0105_Kinderen_3.pdf","0515_Kinderen_3.pdf"
"left","0413_Kinderen3.pdf","0811_Kinderen2.pdf"
"left","0412_Kinderen3.pdf","0109_Kinderen_2.pdf"
"left","1002_kinderen_1.pdf","0613_Kinderen3.pdf"
"right","0521_kinderen_2.pdf","0213EMT_Kinderen_2.pdf"
"left","0215EMT_kinderen_3.pdf","0602_Kinderen1.pdf"
"right","0702EMT Kinderen1.pdf","0608_Kinderen2.pdf"
"right","0616_Kinderen3.pdf","0418_Kinderen3.pdf"
"left","0422_Kinderen2.pdf","0813_Kinderen_3.pdf"
"right","0301_Kinderen_1.pdf","1009_kinderen_3.pdf"
"right","0902EMT_kinderen_3.pdf","0410_Kinderen3.pdf"
"right","0801_Kinderen_3.pdf","0803_Kinderen3.pdf"
"left","0307_Kinderen_1.pdf","0510_kinderen_2.pdf"
"left","0208EMT_Kinderen_2.pdf","0411_Kinderen2.pdf"
"left","0915EMT_Kinderen_1.pdf","0507_Kinderen1.pdf"
"right","0408_Kinderen1.pdf","0907EMT_kinderen_2.pdf"
"right","0518_Kinderen_1.pdf","0505_kinderen_2.pdf"
"right","0421_Kinderen3.pdf","0414_Kinderen1.pdf"
"right","0918EMT_Kinderen_2.pdf","0912EMT_kinderen_2.pdf"
"left","0701EMT Kinderen2.pdf","0807_Kinderen2.pdf"
"left","0916_Kinderen3.pdf","0606_Kinderen2.pdf"
"left","0704EMT Kinderen2.pdf","0409_Kinderen3.pdf"
"left","0818_Kinderen1.pdf","0601_Kinderen3.pdf"
"left","0603_Kinderen2.pdf","0614_kinderen_3.pdf"
"left","0709EMT Kinderen1.pdf","0303_Kinderen_1.pdf"
"left","0415_Kinderen2.pdf","1004_Kinderen_2.pdf"
"right","1008_kinderen_3.pdf","0407_Kinderen1.pdf"
"left","0416_Kinderen2.pdf","0425_Kinderen1.pdf"
"left","1003_Kinderen1.pdf","0821_Kinderen1.pdf"
"left","1006_Kinderen_2.pdf","0710EMT Kinderen2.pdf"
"right","0101_Kinderen3.pdf","0611_Kinderen1.pdf"
"left","0818_Kinderen1.pdf","0706EMT Kinderen3.pdf"
"right","0302_kinderen_3.pdf","0913EMT_Kinderen_3.pdf"
"left","0403_Kinderen2.pdf","1008_kinderen_3.pdf"
"right","0418_Kinderen3.pdf","0411_Kinderen2.pdf"
"right","0605_Kinderen2.pdf","0807_Kinderen2.pdf"
"right","0802_Kinderen_1.pdf","0603_Kinderen2.pdf"
"left","0907EMT_kinderen_2.pdf","0106_Kinderen_1.pdf"
"right","0702EMT Kinderen1.pdf","0508_kinderen_3.pdf"
"left","0709EMT Kinderen1.pdf","0701EMT Kinderen2.pdf"
"left","0415_Kinderen2.pdf","0705EMT_Kinderen3.pdf"
"left","0405_Kinderen2.pdf","0307_Kinderen_1.pdf"
"left","0707EMT Kinderen3.pdf","0614_kinderen_3.pdf"
"left","0604_Kinderen2.pdf","0301_Kinderen_1.pdf"
"left","0912EMT_kinderen_2.pdf","0107_Kinderen2.pdf"
"left","0813_Kinderen_3.pdf","0424_Kinderen3.pdf"
"right","0314_Kinderen2.pdf","0419_Kinderen1.pdf"
"left","0210EMT_Kinderen_1.pdf","0805_Kinderen1.pdf"
"left","0902EMT_kinderen_3.pdf","0903EMT_kinderen_2.pdf"
"left","0413_Kinderen3.pdf","0421_Kinderen3.pdf"
"left","0414_Kinderen1.pdf","0812_Kinderen_2.pdf"
"right","0515_Kinderen_3.pdf","0208EMT_Kinderen_2.pdf"
"right","0520_Kinderen_3.pdf","0904EMT_kinderen_1.pdf"
"left","0820_Kinderen3.pdf","0407_Kinderen1.pdf"
"right","0412_Kinderen3.pdf","0608_Kinderen2.pdf"
"right","0518_Kinderen_1.pdf","0110_Kinderen_3.pdf"
"left","0901EMT_Kinderen_2.pdf","0104_Kinderen_1.pdf"
"left","0819_Kinderen3.pdf","0703EMT Kinderen1.pdf"
"right","0103_Kinderen_2.pdf","0910_Kinderen3.pdf"
"right","0423_Kinderen3.pdf","0416_Kinderen2.pdf"
"right","1002_kinderen_1.pdf","0519_kinderen_3.pdf"
"left","0521_kinderen_2.pdf","0915EMT_Kinderen_1.pdf"
"left","0108_Kinderen_1.pdf","0507_Kinderen1.pdf"
"left","0810_kinderen_1.pdf","0815_Kinderen2.pdf"
"right","0512_Kinderen_1.pdf","0817_Kinderen2.pdf"
"left","1009_kinderen_3.pdf","0406_Kinderen1.pdf"
"left","0602_Kinderen1.pdf","0102_Kinderen2.pdf"
"left","0916_Kinderen3.pdf","0811_Kinderen2.pdf"
"left","0425_Kinderen1.pdf","0606_Kinderen2.pdf"
"right","0808_kinderen_3.pdf","0502_kinderen_2.pdf"
"right","0310_Kinderen2.pdf","1004_Kinderen_2.pdf"
"right","0501_Kinderen_1.pdf","0905EMT_kinderen_3.pdf"
"left","0112_Kinderen_2.pdf","0801_Kinderen_3.pdf"
"left","0911EMT_kinderen_1.pdf","0906_Kinderen2.pdf"
"right","0505_kinderen_2.pdf","0201_Kinderen1.pdf"
"left","1005_kinderen_3.pdf","0506_kinderen_3.pdf"
"left","0609_Kinderen1.pdf","0816_Kinderen_1.pdf"
"left","0109_Kinderen_2.pdf","0601_Kinderen3.pdf"
"left","0417_Kinderen1.pdf","0803_Kinderen3.pdf"
"right","0704EMT Kinderen2.pdf","0607_kinderen_3.pdf"
"left","0918EMT_Kinderen_2.pdf","0303_Kinderen_1.pdf"
"right","0517_kinderen_1.pdf","0908EMT_kinderen_1.pdf"
"right","0613_Kinderen3.pdf","0917EMT_Kinderen_2.pdf"
"left","0410_Kinderen3.pdf","0516_kinderen_1.pdf"
"left","0215EMT_kinderen_3.pdf","0409_Kinderen3.pdf"
"left","0914EMT_kinderen_1.pdf","0111_Kinderen_3.pdf"
"right","0509_Kinderen_2.pdf","0616_Kinderen3.pdf"
"left","0404_Kinderen2.pdf","0408_Kinderen1.pdf"
"left","0216EMT_Kinderen_3.pdf","0804_Kinderen2.pdf"
"left","401_Kinderen3.pdf","0513_Kinderen1.pdf"
"right","0420_Kinderen2.pdf","1003_Kinderen1.pdf"
"right","0214EMT_Kinderen_3.pdf","0402_Kinderen2.pdf"
"left","0422_Kinderen2.pdf","0510_kinderen_2.pdf"
"right","0909EMT_kinderen_3.pdf","0615_Kinderen1.pdf"
"right","0105_Kinderen_3.pdf","0213EMT_Kinderen_2.pdf"
"left","0814_Kinderen_1.pdf","0212EMT_Kinderen_1.pdf"
"right","401_Kinderen3.pdf","0310_Kinderen2.pdf"
"left","0901EMT_Kinderen_2.pdf","0508_kinderen_3.pdf"
"left","0804_Kinderen2.pdf","0517_kinderen_1.pdf"
"right","0104_Kinderen_1.pdf","0111_Kinderen_3.pdf"
"left","0420_Kinderen2.pdf","1005_kinderen_3.pdf"
"left","0802_Kinderen_1.pdf","0707EMT Kinderen3.pdf"
"left","0607_kinderen_3.pdf","0415_Kinderen2.pdf"
"left","0403_Kinderen2.pdf","0402_Kinderen2.pdf"
"left","0307_Kinderen_1.pdf","0107_Kinderen2.pdf"
"left","0912EMT_kinderen_2.pdf","0506_kinderen_3.pdf"
"right","0907EMT_kinderen_2.pdf","0803_Kinderen3.pdf"
"left","0918EMT_Kinderen_2.pdf","0805_Kinderen1.pdf"
"right","0616_Kinderen3.pdf","0606_Kinderen2.pdf"
"right","0103_Kinderen_2.pdf","0916_Kinderen3.pdf"
"right","0507_Kinderen1.pdf","0212EMT_Kinderen_1.pdf"
"right","0515_Kinderen_3.pdf","0909EMT_kinderen_3.pdf"
"right","0813_Kinderen_3.pdf","0702EMT Kinderen1.pdf"
"right","0820_Kinderen3.pdf","0510_kinderen_2.pdf"
"left","0709EMT Kinderen1.pdf","0406_Kinderen1.pdf"
"right","0815_Kinderen2.pdf","0613_Kinderen3.pdf"
"left","0608_Kinderen2.pdf","0410_Kinderen3.pdf"
"left","0821_Kinderen1.pdf","0602_Kinderen1.pdf"
"left","0810_kinderen_1.pdf","1002_kinderen_1.pdf"
"right","0807_Kinderen2.pdf","0303_Kinderen_1.pdf"
"right","0419_Kinderen1.pdf","0201_Kinderen1.pdf"
"left","0701EMT Kinderen2.pdf","0817_Kinderen2.pdf"
"right","0811_Kinderen2.pdf","0301_Kinderen_1.pdf"
"right","1006_Kinderen_2.pdf","0208EMT_Kinderen_2.pdf"
"right","0516_kinderen_1.pdf","0422_Kinderen2.pdf"
"left","0215EMT_kinderen_3.pdf","0302_kinderen_3.pdf"
"right","0605_Kinderen2.pdf","0214EMT_Kinderen_3.pdf"
"right","0512_Kinderen_1.pdf","0502_kinderen_2.pdf"
"right","0814_Kinderen_1.pdf","0917EMT_Kinderen_2.pdf"
"left","0603_Kinderen2.pdf","0903EMT_kinderen_2.pdf"
"left","0521_kinderen_2.pdf","0520_Kinderen_3.pdf"
"left","0108_Kinderen_1.pdf","1008_kinderen_3.pdf"
"left","0417_Kinderen1.pdf","0609_Kinderen1.pdf"
"left","0408_Kinderen1.pdf","0614_kinderen_3.pdf"
"right","0914EMT_kinderen_1.pdf","0421_Kinderen3.pdf"
"right","0611_Kinderen1.pdf","0210EMT_Kinderen_1.pdf"
"left","1009_kinderen_3.pdf","0902EMT_kinderen_3.pdf"
"left","0905EMT_kinderen_3.pdf","0910_Kinderen3.pdf"
"right","0906_Kinderen2.pdf","1003_Kinderen1.pdf"
"right","0105_Kinderen_3.pdf","0601_Kinderen3.pdf"
"right","0509_Kinderen_2.pdf","0818_Kinderen1.pdf"
"left","0908EMT_kinderen_1.pdf","0513_Kinderen1.pdf"
"right","0801_Kinderen_3.pdf","0615_Kinderen1.pdf"
"right","0404_Kinderen2.pdf","0425_Kinderen1.pdf"
"right","0411_Kinderen2.pdf","0424_Kinderen3.pdf"
"left","0213EMT_Kinderen_2.pdf","0703EMT Kinderen1.pdf"
"right","0913EMT_Kinderen_3.pdf","0519_kinderen_3.pdf"
"left","0704EMT Kinderen2.pdf","0112_Kinderen_2.pdf"
"right","0423_Kinderen3.pdf","0911EMT_kinderen_1.pdf"
"left","0915EMT_Kinderen_1.pdf","0405_Kinderen2.pdf"
"left","0414_Kinderen1.pdf","0110_Kinderen_3.pdf"
"right","0106_Kinderen_1.pdf","0816_Kinderen_1.pdf"
"left","0710EMT Kinderen2.pdf","0819_Kinderen3.pdf"
"left","0109_Kinderen_2.pdf","0101_Kinderen3.pdf"
"right","0518_Kinderen_1.pdf","0705EMT_Kinderen3.pdf"
"left","0904EMT_kinderen_1.pdf","0216EMT_Kinderen_3.pdf"
"left","0812_Kinderen_2.pdf","0808_kinderen_3.pdf"
"right","0604_Kinderen2.pdf","0501_Kinderen_1.pdf"
"right","0102_Kinderen2.pdf","0412_Kinderen3.pdf"
"right","0407_Kinderen1.pdf","0409_Kinderen3.pdf"
"left","0706EMT Kinderen3.pdf","0413_Kinderen3.pdf"
"left","0416_Kinderen2.pdf","1004_Kinderen_2.pdf"
"left","0505_kinderen_2.pdf","0314_Kinderen2.pdf"
"left","0418_Kinderen3.pdf","0106_Kinderen_1.pdf"
"left","0803_Kinderen3.pdf","0505_kinderen_2.pdf"
"right","0419_Kinderen1.pdf","0912EMT_kinderen_2.pdf"
"right","0508_kinderen_3.pdf","0210EMT_Kinderen_1.pdf"
"right","0520_Kinderen_3.pdf","0605_Kinderen2.pdf"
"left","0104_Kinderen_1.pdf","1008_kinderen_3.pdf"
"left","0911EMT_kinderen_1.pdf","0506_kinderen_3.pdf"
"right","1005_kinderen_3.pdf","0705EMT_Kinderen3.pdf"
"right","0501_Kinderen_1.pdf","0507_Kinderen1.pdf"
"right","0613_Kinderen3.pdf","0704EMT Kinderen2.pdf"
"right","0609_Kinderen1.pdf","0709EMT Kinderen1.pdf"
"right","0420_Kinderen2.pdf","0903EMT_kinderen_2.pdf"
"left","0201_Kinderen1.pdf","401_Kinderen3.pdf"
"left","0403_Kinderen2.pdf","0816_Kinderen_1.pdf"
"right","0301_Kinderen_1.pdf","0303_Kinderen_1.pdf"
"left","0608_Kinderen2.pdf","0404_Kinderen2.pdf"
"left","0112_Kinderen_2.pdf","0516_kinderen_1.pdf"
"right","0109_Kinderen_2.pdf","0103_Kinderen_2.pdf"
"right","0310_Kinderen2.pdf","0413_Kinderen3.pdf"
"left","0703EMT Kinderen1.pdf","1006_Kinderen_2.pdf"
"left","0917EMT_Kinderen_2.pdf","0302_kinderen_3.pdf"
"left","0905EMT_kinderen_3.pdf","0815_Kinderen2.pdf"
"right","0812_Kinderen_2.pdf","0819_Kinderen3.pdf"
"right","0817_Kinderen2.pdf","0901EMT_Kinderen_2.pdf"
"left","0916_Kinderen3.pdf","0208EMT_Kinderen_2.pdf"
"right","0908EMT_kinderen_1.pdf","1003_Kinderen1.pdf"
"left","0601_Kinderen3.pdf","0424_Kinderen3.pdf"
"right","0417_Kinderen1.pdf","0102_Kinderen2.pdf"
"left","0907EMT_kinderen_2.pdf","0801_Kinderen_3.pdf"
"right","0510_kinderen_2.pdf","0607_kinderen_3.pdf"
"right","0702EMT Kinderen1.pdf","0810_kinderen_1.pdf"
"left","0805_Kinderen1.pdf","0411_Kinderen2.pdf"
"left","0414_Kinderen1.pdf","0502_kinderen_2.pdf"
"right","0606_Kinderen2.pdf","0409_Kinderen3.pdf"
"right","0904EMT_kinderen_1.pdf","0818_Kinderen1.pdf"
"left","0807_Kinderen2.pdf","0707EMT Kinderen3.pdf"
"right","0515_Kinderen_3.pdf","0614_kinderen_3.pdf"
"left","0814_Kinderen_1.pdf","0616_Kinderen3.pdf"
"right","0408_Kinderen1.pdf","0913EMT_Kinderen_3.pdf"
"left","0418_Kinderen3.pdf","0701EMT Kinderen2.pdf"
"left","0402_Kinderen2.pdf","0410_Kinderen3.pdf"
"left","0804_Kinderen2.pdf","0902EMT_kinderen_3.pdf"
"left","0216EMT_Kinderen_3.pdf","0517_kinderen_1.pdf"
"left","0615_Kinderen1.pdf","0509_Kinderen_2.pdf"
"right","0107_Kinderen2.pdf","0416_Kinderen2.pdf"
"right","0513_Kinderen1.pdf","0821_Kinderen1.pdf"
"right","0808_kinderen_3.pdf","0604_Kinderen2.pdf"
"left","0214EMT_Kinderen_3.pdf","0213EMT_Kinderen_2.pdf"
"right","1004_Kinderen_2.pdf","0406_Kinderen1.pdf"
"left","0423_Kinderen3.pdf","0820_Kinderen3.pdf"
"right","0603_Kinderen2.pdf","0405_Kinderen2.pdf"
"left","0307_Kinderen_1.pdf","1009_kinderen_3.pdf"
"left","0519_kinderen_3.pdf","0813_Kinderen_3.pdf"
"left","0910_Kinderen3.pdf","0111_Kinderen_3.pdf"
"left","0425_Kinderen1.pdf","0212EMT_Kinderen_1.pdf"
"left","0611_Kinderen1.pdf","0407_Kinderen1.pdf"
"right","0518_Kinderen_1.pdf","0906_Kinderen2.pdf"
"right","0918EMT_Kinderen_2.pdf","0521_kinderen_2.pdf"
"left","0108_Kinderen_1.pdf","0314_Kinderen2.pdf"
"right","0105_Kinderen_3.pdf","0710EMT Kinderen2.pdf"
"left","0415_Kinderen2.pdf","0512_Kinderen_1.pdf"
"right","0811_Kinderen2.pdf","0110_Kinderen_3.pdf"
"right","0602_Kinderen1.pdf","0422_Kinderen2.pdf"
"left","0909EMT_kinderen_3.pdf","1002_kinderen_1.pdf"
"left","0706EMT Kinderen3.pdf","0802_Kinderen_1.pdf"
"right","0915EMT_Kinderen_1.pdf","0215EMT_kinderen_3.pdf"
"left","0421_Kinderen3.pdf","0101_Kinderen3.pdf"
"right","0412_Kinderen3.pdf","0914EMT_kinderen_1.pdf"
"left","0813_Kinderen_3.pdf","0310_Kinderen2.pdf"
"left","0402_Kinderen2.pdf","0916_Kinderen3.pdf"
"right","0408_Kinderen1.pdf","0604_Kinderen2.pdf"
"left","0208EMT_Kinderen_2.pdf","0601_Kinderen3.pdf"
"right","0519_kinderen_3.pdf","0603_Kinderen2.pdf"
"right","0803_Kinderen3.pdf","0611_Kinderen1.pdf"
"left","0902EMT_kinderen_3.pdf","0518_Kinderen_1.pdf"
"right","0602_Kinderen1.pdf","0417_Kinderen1.pdf"
"right","0107_Kinderen2.pdf","0215EMT_kinderen_3.pdf"
"left","0405_Kinderen2.pdf","0106_Kinderen_1.pdf"
"left","0801_Kinderen_3.pdf","0508_kinderen_3.pdf"
"right","0406_Kinderen1.pdf","0909EMT_kinderen_3.pdf"
"left","0707EMT Kinderen3.pdf","0104_Kinderen_1.pdf"
"right","0608_Kinderen2.pdf","0615_Kinderen1.pdf"
"right","0420_Kinderen2.pdf","0425_Kinderen1.pdf"
"right","0820_Kinderen3.pdf","0216EMT_Kinderen_3.pdf"
"right","0407_Kinderen1.pdf","0914EMT_kinderen_1.pdf"
"left","0423_Kinderen3.pdf","0314_Kinderen2.pdf"
"right","1003_Kinderen1.pdf","0413_Kinderen3.pdf"
"right","0101_Kinderen3.pdf","0616_Kinderen3.pdf"
"right","0520_Kinderen_3.pdf","1002_kinderen_1.pdf"
"right","0105_Kinderen_3.pdf","0706EMT Kinderen3.pdf"
"left","0213EMT_Kinderen_2.pdf","0702EMT Kinderen1.pdf"
"right","0903EMT_kinderen_2.pdf","0307_Kinderen_1.pdf"
"right","0515_Kinderen_3.pdf","0517_kinderen_1.pdf"
"right","0414_Kinderen1.pdf","0108_Kinderen_1.pdf"
"left","1009_kinderen_3.pdf","1006_Kinderen_2.pdf"
"left","0818_Kinderen1.pdf","0815_Kinderen2.pdf"
"right","0110_Kinderen_3.pdf","0907EMT_kinderen_2.pdf"
"left","0709EMT Kinderen1.pdf","0418_Kinderen3.pdf"
"left","0802_Kinderen_1.pdf","0419_Kinderen1.pdf"
"left","0904EMT_kinderen_1.pdf","0812_Kinderen_2.pdf"
"right","0513_Kinderen1.pdf","0412_Kinderen3.pdf"
"right","0502_kinderen_2.pdf","0710EMT Kinderen2.pdf"
"right","0808_kinderen_3.pdf","0505_kinderen_2.pdf"
"left","0810_kinderen_1.pdf","0705EMT_Kinderen3.pdf"
"right","0609_Kinderen1.pdf","0614_kinderen_3.pdf"
"right","0409_Kinderen3.pdf","0905EMT_kinderen_3.pdf"
"right","0506_kinderen_3.pdf","0816_Kinderen_1.pdf"
"right","0805_Kinderen1.pdf","0521_kinderen_2.pdf"
"right","0411_Kinderen2.pdf","0501_Kinderen_1.pdf"
"right","0817_Kinderen2.pdf","0605_Kinderen2.pdf"
"right","0301_Kinderen_1.pdf","0507_Kinderen1.pdf"
"right","1004_Kinderen_2.pdf","0302_kinderen_3.pdf"
"left","0421_Kinderen3.pdf","0111_Kinderen_3.pdf"
"left","0804_Kinderen2.pdf","0701EMT Kinderen2.pdf"
"right","0512_Kinderen_1.pdf","0112_Kinderen_2.pdf"
"left","0913EMT_Kinderen_3.pdf","0410_Kinderen3.pdf"
"left","0819_Kinderen3.pdf","0103_Kinderen_2.pdf"
"right","0212EMT_Kinderen_1.pdf","0404_Kinderen2.pdf"
"right","0703EMT Kinderen1.pdf","0214EMT_Kinderen_3.pdf"
"right","0906_Kinderen2.pdf","0901EMT_Kinderen_2.pdf"
"right","0109_Kinderen_2.pdf","0415_Kinderen2.pdf"
"right","0917EMT_Kinderen_2.pdf","0911EMT_kinderen_1.pdf"
"left","0912EMT_kinderen_2.pdf","0510_kinderen_2.pdf"
"left","0915EMT_Kinderen_1.pdf","0811_Kinderen2.pdf"
"right","1005_kinderen_3.pdf","0807_Kinderen2.pdf"
"right","0424_Kinderen3.pdf","0210EMT_Kinderen_1.pdf"
"left","0910_Kinderen3.pdf","0908EMT_kinderen_1.pdf"
"right","0303_Kinderen_1.pdf","401_Kinderen3.pdf"
"right","0613_Kinderen3.pdf","0814_Kinderen_1.pdf"
"right","1008_kinderen_3.pdf","0422_Kinderen2.pdf"
"right","0607_kinderen_3.pdf","0416_Kinderen2.pdf"
"right","0102_Kinderen2.pdf","0403_Kinderen2.pdf"
"left","0704EMT Kinderen2.pdf","0509_Kinderen_2.pdf"
"left","0821_Kinderen1.pdf","0516_kinderen_1.pdf"
"right","0606_Kinderen2.pdf","0201_Kinderen1.pdf"
"left","0918EMT_Kinderen_2.pdf","0519_kinderen_3.pdf"
"left","0507_Kinderen1.pdf","0807_Kinderen2.pdf"
"right","0111_Kinderen_3.pdf","0611_Kinderen1.pdf"
"right","0420_Kinderen2.pdf","0604_Kinderen2.pdf"
"right","0424_Kinderen3.pdf","0901EMT_Kinderen_2.pdf"
"right","0307_Kinderen_1.pdf","0909EMT_kinderen_3.pdf"
"left","0403_Kinderen2.pdf","0210EMT_Kinderen_1.pdf"
"right","0906_Kinderen2.pdf","0406_Kinderen1.pdf"
"right","0915EMT_Kinderen_1.pdf","0704EMT Kinderen2.pdf"
"left","0417_Kinderen1.pdf","0905EMT_kinderen_3.pdf"
"left","0518_Kinderen_1.pdf","0415_Kinderen2.pdf"
"right","0410_Kinderen3.pdf","0405_Kinderen2.pdf"
"right","0103_Kinderen_2.pdf","0214EMT_Kinderen_3.pdf"
"left","0414_Kinderen1.pdf","0802_Kinderen_1.pdf"
"left","0602_Kinderen1.pdf","0615_Kinderen1.pdf"
"right","0510_kinderen_2.pdf","0213EMT_Kinderen_2.pdf"
"right","0703EMT Kinderen1.pdf","0914EMT_kinderen_1.pdf"
"right","0515_Kinderen_3.pdf","0412_Kinderen3.pdf"
"left","0701EMT Kinderen2.pdf","0422_Kinderen2.pdf"
"left","0425_Kinderen1.pdf","0508_kinderen_3.pdf"
"right","0609_Kinderen1.pdf","0904EMT_kinderen_1.pdf"
"left","0605_Kinderen2.pdf","0314_Kinderen2.pdf"
"left","0216EMT_Kinderen_3.pdf","0603_Kinderen2.pdf"
"right","0107_Kinderen2.pdf","0310_Kinderen2.pdf"
"right","1004_Kinderen_2.pdf","0614_kinderen_3.pdf"
"right","0816_Kinderen_1.pdf","1003_Kinderen1.pdf"
"left","0705EMT_Kinderen3.pdf","0520_Kinderen_3.pdf"
"left","401_Kinderen3.pdf","0517_kinderen_1.pdf"
"left","0302_kinderen_3.pdf","1006_Kinderen_2.pdf"
"left","0812_Kinderen_2.pdf","1005_kinderen_3.pdf"
"left","0208EMT_Kinderen_2.pdf","0810_kinderen_1.pdf"
"right","0815_Kinderen2.pdf","0112_Kinderen_2.pdf"
"right","0411_Kinderen2.pdf","0616_Kinderen3.pdf"
"left","0303_Kinderen_1.pdf","0509_Kinderen_2.pdf"
"left","0416_Kinderen2.pdf","0418_Kinderen3.pdf"
"right","0407_Kinderen1.pdf","0804_Kinderen2.pdf"
"right","0513_Kinderen1.pdf","0911EMT_kinderen_1.pdf"
"left","0413_Kinderen3.pdf","0819_Kinderen3.pdf"
"left","0918EMT_Kinderen_2.pdf","0803_Kinderen3.pdf"
"right","0801_Kinderen_3.pdf","0707EMT Kinderen3.pdf"
"right","0908EMT_kinderen_1.pdf","0820_Kinderen3.pdf"
"right","1008_kinderen_3.pdf","0212EMT_Kinderen_1.pdf"
"right","0215EMT_kinderen_3.pdf","0606_Kinderen2.pdf"
"left","1009_kinderen_3.pdf","0903EMT_kinderen_2.pdf"
"right","0409_Kinderen3.pdf","0710EMT Kinderen2.pdf"
"right","0613_Kinderen3.pdf","0608_Kinderen2.pdf"
"left","0702EMT Kinderen1.pdf","0910_Kinderen3.pdf"
"left","0601_Kinderen3.pdf","0506_kinderen_3.pdf"
"left","0706EMT Kinderen3.pdf","0109_Kinderen_2.pdf"
"left","0106_Kinderen_1.pdf","0423_Kinderen3.pdf"
"right","0105_Kinderen_3.pdf","0408_Kinderen1.pdf"
"right","0821_Kinderen1.pdf","0902EMT_kinderen_3.pdf"
"right","0916_Kinderen3.pdf","0912EMT_kinderen_2.pdf"
"right","0505_kinderen_2.pdf","0521_kinderen_2.pdf"
"left","0907EMT_kinderen_2.pdf","0104_Kinderen_1.pdf"
"left","0512_Kinderen_1.pdf","0501_Kinderen_1.pdf"
"left","0817_Kinderen2.pdf","0818_Kinderen1.pdf"
"left","1002_kinderen_1.pdf","0301_Kinderen_1.pdf"
"left","0814_Kinderen_1.pdf","0201_Kinderen1.pdf"
"left","0421_Kinderen3.pdf","0913EMT_Kinderen_3.pdf"
"right","0108_Kinderen_1.pdf","0709EMT Kinderen1.pdf"
"left","0813_Kinderen_3.pdf","0805_Kinderen1.pdf"
"right","0110_Kinderen_3.pdf","0402_Kinderen2.pdf"
"right","0516_kinderen_1.pdf","0102_Kinderen2.pdf"
"left","0917EMT_Kinderen_2.pdf","0607_kinderen_3.pdf"
"right","0419_Kinderen1.pdf","0404_Kinderen2.pdf"
"left","0808_kinderen_3.pdf","0101_Kinderen3.pdf"
"right","0811_Kinderen2.pdf","0502_kinderen_2.pdf"
"right","0418_Kinderen3.pdf","0902EMT_kinderen_3.pdf"
"left","0416_Kinderen2.pdf","0215EMT_kinderen_3.pdf"
"left","0424_Kinderen3.pdf","0213EMT_Kinderen_2.pdf"
"left","0913EMT_Kinderen_3.pdf","0701EMT Kinderen2.pdf"
"left","0502_kinderen_2.pdf","0614_kinderen_3.pdf"
"right","0112_Kinderen_2.pdf","0710EMT Kinderen2.pdf"
"right","0603_Kinderen2.pdf","0805_Kinderen1.pdf"
"right","0908EMT_kinderen_1.pdf","0707EMT Kinderen3.pdf"
"left","0517_kinderen_1.pdf","0811_Kinderen2.pdf"
"left","0704EMT Kinderen2.pdf","0815_Kinderen2.pdf"
"left","0210EMT_Kinderen_1.pdf","0608_Kinderen2.pdf"
"left","0407_Kinderen1.pdf","0705EMT_Kinderen3.pdf"
